website,neighbor_1,neighbor_2,neighbor_3,neighbor_4
https://arxiv.org/,https://dblp.org/,https://iclr.cc/,https://phys.org/,https://www.kaggle.com/
https://azure.microsoft.com/,https://github.com/,https://www.amazon.com/,https://www.nvidia.com/,https://www.kaggle.com/
https://bandcamp.com/,https://soundcloud.com/,https://www.discogs.com/,https://www.youtube.com/,https://www.apple.com/
https://boardgamegeek.com/,https://www.imdb.com/,https://www.discogs.com/,https://www.ign.com/,https://www.rottentomatoes.com/
https://careers.walmart.com/,https://www.amazon.jobs/,https://hiring.amazon.com/,https://ohiomeansjobs.ohio.gov/,https://jobs.chronicle.com
https://coinmarketcap.com/,https://finance.yahoo.com/,https://www.google.com/finance/,https://www.nyse.com/,https://www.cboe.com/
https://cookpad.com/,https://www.allrecipes.com/,https://www.vivino.com/,https://www.kfc.com/,https://www.costco.com/
https://craigslist.org/,https://www.apartments.com/,https://www.cars.com/,https://www.thumbtack.com/,https://www.cargurus.com/
https://dblp.org/,https://arxiv.org/,https://iclr.cc/,https://www.kaggle.com/,https://github.com/
https://doctor.webmd.com/,https://www.healthgrades.com/,https://health.usnews.com/,https://www.healthline.com/,https://www.mayoclinic.org/
https://finance.yahoo.com/,https://www.google.com/finance/,https://coinmarketcap.com/,https://www.nyse.com/,https://www.cboe.com/
https://github.com/,https://pypi.org/,https://www.kaggle.com/,https://azure.microsoft.com/,https://arxiv.org/
https://health.usnews.com/,https://www.healthgrades.com/,https://www.mayoclinic.org/,https://www.healthline.com/,https://www.webmd.com/
https://hiring.amazon.com/,https://www.amazon.jobs/,https://careers.walmart.com/,https://ohiomeansjobs.ohio.gov/,https://jobs.chronicle.com
https://iclr.cc/,https://arxiv.org/,https://dblp.org/,https://www.kaggle.com/,https://github.com/
https://imgur.com/,https://www.reddit.com/,https://www.youtube.com/,https://soundcloud.com/,https://mega.io/
https://jobs.chronicle.com,,,,
https://macyswineshop.com/,https://www.vivino.com/,https://www.macys.com/,https://www.costco.com/,https://www.amazon.com/
https://mega.io/,https://www.4shared.com/,https://azure.microsoft.com/,https://github.com/,https://imgur.com/
https://new.mta.info/,https://www.google.com/maps/,https://www.amtrak.com/,https://us.megabus.com/,https://spothero.com/
https://ohio.gov/,https://ohiomeansjobs.ohio.gov/,https://www.ca.gov/,https://www.dmv.virginia.gov/,https://www.gov.uk/
https://ohiomeansjobs.ohio.gov/,https://ohio.gov/,https://www.amazon.jobs/,https://careers.walmart.com/,https://hiring.amazon.com/
https://phet.colorado.edu/,https://www.coolmath4kids.com/,https://www.coursera.org/,https://phys.org/,https://arxiv.org/
https://phys.org/,https://arxiv.org/,https://phet.colorado.edu/,https://dblp.org/,https://iclr.cc/
https://pypi.org/,https://github.com/,https://www.kaggle.com/,https://azure.microsoft.com/,https://arxiv.org/
https://seatgeek.com/,https://www.stubhub.com/,https://www.eventbrite.com/,https://spothero.com/,https://www.nba.com/
https://smartasset.com/,https://finance.yahoo.com/,https://www.google.com/finance/,https://www.irs.gov/,https://www.chase.com/
https://soundcloud.com/,https://bandcamp.com/,https://www.youtube.com/,https://www.discogs.com/,https://www.4shared.com/
https://spothero.com/,https://www.google.com/maps/,https://www.expedia.com/,https://www.booking.com/,https://www.airbnb.com/
https://store.steampowered.com/,https://www.gamestop.com/,https://www.ign.com/,https://www.leagueoflegends.com/,https://www.chess.com/
https://umich.edu/,https://www.osu.edu/,https://www.berkeley.edu/,https://www.stanford.edu/,https://phet.colorado.edu/
https://us.megabus.com/,https://www.amtrak.com/,https://new.mta.info/,https://www.ryanair.com/,https://www.expedia.com/
https://us.shein.com/,https://www.uniqlo.com/,https://www.amazon.com/,https://www.target.com/,https://www.kohls.com/
https://us.trip.com/,https://www.expedia.com/,https://www.booking.com/,https://www.airbnb.com/,https://www.tourradar.com/
https://versus.com/,https://www.kbb.com/,https://www.parkers.co.uk/,https://www.cargurus.com/,https://www.cars.com/
https://wanderlog.com/,https://www.expedia.com/,https://www.booking.com/,https://us.trip.com/,https://www.tourradar.com/
https://weather.com/,https://www.accuweather.com/,https://www.theweathernetwork.com/,https://www.flightaware.com/,https://www.google.com/maps/
https://www.4shared.com/,https://mega.io/,https://imgur.com/,https://soundcloud.com/,https://www.youtube.com/
https://www.accuweather.com/,https://weather.com/,https://www.theweathernetwork.com/,https://www.flightaware.com/,https://www.google.com/maps/
https://www.adidas.com/,https://www.uniqlo.com/,https://www.rei.com/,https://www.macys.com/,https://www.kohls.com/
https://www.adoptapet.com/,https://www.petfinder.com/,https://www.akc.org/,https://craigslist.org/,https://www.reddit.com/
https://www.airbnb.com/,https://www.booking.com/,https://www.expedia.com/,https://www.marriott.com/,https://us.trip.com/
https://www.akc.org/,https://www.petfinder.com/,https://www.adoptapet.com/,https://www.webmd.com/,https://www.healthline.com/
https://www.allrecipes.com/,https://cookpad.com/,https://www.vivino.com/,https://www.youtube.com/,https://www.healthline.com/
https://www.amazon.com/,https://www.target.com/,https://www.costco.com/,https://www.bestbuy.com/,https://www.macys.com/
https://www.amazon.jobs/,https://hiring.amazon.com/,https://careers.walmart.com/,https://ohiomeansjobs.ohio.gov/,https://jobs.chronicle.com
https://www.americanexpress.com/,https://www.chase.com/,https://finance.yahoo.com/,https://www.google.com/finance/,https://smartasset.com/
https://www.americashealthrankings.org/,https://health.usnews.com/,https://www.healthgrades.com/,https://www.healthline.com/,https://www.webmd.com/
https://www.amtrak.com/,https://us.megabus.com/,https://www.united.com/,https://new.mta.info/,https://www.expedia.com/
https://www.apartments.com/,https://www.redfin.com/,https://craigslist.org/,https://www.student.com/,https://www.airbnb.com/
https://www.apple.com/,https://www.samsung.com/,https://www.amazon.com/,https://www.bestbuy.com/,https://www.nvidia.com/
https://www.babycenter.com/,https://www.webmd.com/,https://www.healthline.com/,https://www.mayoclinic.org/,https://www.drugs.com/
https://www.bbb.org/,https://www.thumbtack.com/,https://www.healthgrades.com/,https://www.kbb.com/,https://doctor.webmd.com/
https://www.berkeley.edu/,https://www.stanford.edu/,https://umich.edu/,https://www.osu.edu/,https://phet.colorado.edu/
https://www.bestbuy.com/,https://www.amazon.com/,https://www.target.com/,https://www.costco.com/,https://www.gamestop.com/
https://www.booking.com/,https://www.expedia.com/,https://www.airbnb.com/,https://us.trip.com/,https://www.marriott.com/
https://www.ca.gov/,https://ohio.gov/,https://www.gov.uk/,https://www.dmv.virginia.gov/,https://www.irs.gov/
https://www.cargurus.com/,https://www.cars.com/,https://www.kbb.com/,https://www.carmax.com/,https://www.parkers.co.uk/
https://www.carmax.com/,https://www.cars.com/,https://www.cargurus.com/,https://www.kbb.com/,https://www.parkers.co.uk/
https://www.cars.com/,https://www.cargurus.com/,https://www.kbb.com/,https://www.carmax.com/,https://www.parkers.co.uk/
https://www.cboe.com/,https://www.nyse.com/,https://finance.yahoo.com/,https://www.google.com/finance/,https://www.sec.gov/
https://www.cbp.gov/,https://www.uscis.gov/,https://www.justice.gov/,https://www.irs.gov/,https://www.sec.gov/
https://www.chase.com/,https://www.americanexpress.com/,https://finance.yahoo.com/,https://www.google.com/finance/,https://smartasset.com/
https://www.chess.com/,https://boardgamegeek.com/,https://store.steampowered.com/,https://www.leagueoflegends.com/,https://www.ign.com/
https://www.coolmath4kids.com/,https://phet.colorado.edu/,https://www.chess.com/,https://www.instructure.com/,https://www.disney.com/
https://www.costco.com/,https://www.amazon.com/,https://www.target.com/,https://www.bestbuy.com/,https://www.kohls.com/
https://www.coursera.org/,https://www.instructure.com/,https://www.kaggle.com/,https://www.ted.com/,https://phet.colorado.edu/
https://www.cvs.com/,https://www.drugs.com/,https://www.webmd.com/,https://www.healthline.com/,https://www.mayoclinic.org/
https://www.discogs.com/,https://bandcamp.com/,https://soundcloud.com/,https://boardgamegeek.com/,https://www.imdb.com/
https://www.disney.com/,https://www.imdb.com/,https://www.rottentomatoes.com/,https://www.ign.com/,https://www.youtube.com/
https://www.dmv.virginia.gov/,https://ohio.gov/,https://www.ca.gov/,https://www.gov.uk/,https://www.irs.gov/
https://www.drugs.com/,https://www.webmd.com/,https://www.healthline.com/,https://www.mayoclinic.org/,https://www.cvs.com/
https://www.espn.com/,https://www.foxsports.com/,https://www.nfl.com/,https://www.nba.com/,https://www.redbull.com/
https://www.eventbrite.com/,https://www.stubhub.com/,https://seatgeek.com/,https://www.recreation.gov/,https://www.tourradar.com/
https://www.expedia.com/,https://www.booking.com/,https://us.trip.com/,https://www.airbnb.com/,https://www.tourradar.com/
https://www.extraspace.com/,https://www.apartments.com/,https://www.redfin.com/,https://www.thumbtack.com/,https://spothero.com/
https://www.fedex.com/en-us/home.html,https://www.ups.com/,https://www.usps.com/,https://www.flightaware.com/,https://www.cbp.gov/
https://www.flightaware.com/,https://www.united.com/,https://www.ryanair.com/,https://www.qatarairways.com/,https://www.expedia.com/
https://www.foxsports.com/,https://www.espn.com/,https://www.nfl.com/,https://www.nba.com/,https://www.redbull.com/
https://www.gamestop.com/,https://www.bestbuy.com/,https://store.steampowered.com/,https://www.amazon.com/,https://www.target.com/
https://www.google.com/finance/,https://finance.yahoo.com/,https://coinmarketcap.com/,https://www.nyse.com/,https://www.cboe.com/
https://www.google.com/maps/,https://wanderlog.com/,https://new.mta.info/,https://spothero.com/,https://us.trip.com/
https://www.google.com/shopping?udm=28,https://www.amazon.com/,https://www.target.com/,https://www.bestbuy.com/,https://www.costco.com/
https://www.gov.uk/,https://www.ca.gov/,https://ohio.gov/,https://www.irs.gov/,https://www.justice.gov/
https://www.healthgrades.com/,https://doctor.webmd.com/,https://health.usnews.com/,https://www.webmd.com/,https://www.healthline.com/
https://www.healthline.com/,https://www.webmd.com/,https://www.mayoclinic.org/,https://www.drugs.com/,https://www.healthgrades.com/
https://www.ign.com/,https://www.imdb.com/,https://www.rottentomatoes.com/,https://www.gamestop.com/,https://store.steampowered.com/
https://www.ikea.com/,https://www.amazon.com/,https://www.target.com/,https://www.costco.com/,https://www.macys.com/
https://www.imdb.com/,https://www.rottentomatoes.com/,https://www.ign.com/,https://www.discogs.com/,https://boardgamegeek.com/
https://www.instructure.com/,https://www.coursera.org/,https://phet.colorado.edu/,https://www.stanford.edu/,https://www.berkeley.edu/
https://www.irs.gov/,https://www.uscis.gov/,https://www.sec.gov/,https://www.gov.uk/,https://www.justice.gov/
https://www.justice.gov/,https://www.cbp.gov/,https://www.uscis.gov/,https://www.sec.gov/,https://www.irs.gov/
https://www.kaggle.com/,https://github.com/,https://arxiv.org/,https://www.coursera.org/,https://iclr.cc/
https://www.kbb.com/,https://www.cargurus.com/,https://www.cars.com/,https://www.carmax.com/,https://www.parkers.co.uk/
https://www.kfc.com/,https://www.allrecipes.com/,https://cookpad.com/,https://www.costco.com/,https://www.target.com/
https://www.kohls.com/,https://www.macys.com/,https://www.target.com/,https://www.amazon.com/,https://www.bestbuy.com/
https://www.landwatch.com/,https://www.redfin.com/,https://www.apartments.com/,https://craigslist.org/,https://smartasset.com/
https://www.leagueoflegends.com/,https://store.steampowered.com/,https://www.ign.com/,https://www.gamestop.com/,https://www.chess.com/
https://www.macys.com/,https://www.kohls.com/,https://www.target.com/,https://www.amazon.com/,https://www.uniqlo.com/
https://www.marriott.com/,https://www.booking.com/,https://www.expedia.com/,https://www.airbnb.com/,https://us.trip.com/
https://www.mayoclinic.org/,https://www.webmd.com/,https://www.healthline.com/,https://www.drugs.com/,https://www.healthgrades.com/
https://www.merriam-webster.com/,https://www.statista.com/,https://www.webmd.com/,https://www.imdb.com/,https://www.drugs.com/
https://www.nba.com/,https://www.nfl.com/,https://www.espn.com/,https://www.foxsports.com/,https://seatgeek.com/
https://www.nfl.com/,https://www.espn.com/,https://www.foxsports.com/,https://www.nba.com/,https://www.stubhub.com/
https://www.nvidia.com/,https://www.apple.com/,https://www.samsung.com/,https://azure.microsoft.com/,https://versus.com/
https://www.nyse.com/,https://www.cboe.com/,https://www.google.com/finance/,https://finance.yahoo.com/,https://www.sec.gov/
https://www.osu.edu/,https://umich.edu/,https://www.berkeley.edu/,https://www.stanford.edu/,https://phet.colorado.edu/
https://www.parkers.co.uk/,https://www.kbb.com/,https://www.cargurus.com/,https://www.cars.com/,https://www.carmax.com/
https://www.petfinder.com/,https://www.adoptapet.com/,https://www.akc.org/,https://craigslist.org/,https://www.apartments.com/
https://www.porsche.com/,https://www.cars.com/,https://www.kbb.com/,https://www.cargurus.com/,https://www.carmax.com/
https://www.qatarairways.com/,https://www.united.com/,https://www.ryanair.com/,https://www.expedia.com/,https://us.trip.com/
https://www.recreation.gov/,https://www.expedia.com/,https://www.booking.com/,https://www.airbnb.com/,https://us.trip.com/
https://www.redbull.com/,https://www.espn.com/,https://www.foxsports.com/,https://www.nba.com/,https://www.nfl.com/
https://www.reddit.com/,https://imgur.com/,https://www.ycombinator.com/,https://boardgamegeek.com/,https://www.youtube.com/
https://www.redfin.com/,https://www.apartments.com/,https://www.landwatch.com/,https://www.student.com/,https://craigslist.org/
https://www.rei.com/,https://www.amazon.com/,https://www.adidas.com/,https://www.target.com/,https://www.costco.com/
https://www.rottentomatoes.com/,https://www.imdb.com/,https://www.ign.com/,https://www.youtube.com/,https://www.reddit.com/
https://www.ryanair.com/,https://www.united.com/,https://www.qatarairways.com/,https://www.expedia.com/,https://www.booking.com/
https://www.samsung.com/,https://www.apple.com/,https://www.nvidia.com/,https://www.bestbuy.com/,https://www.amazon.com/
https://www.sec.gov/,https://www.nyse.com/,https://www.cboe.com/,https://finance.yahoo.com/,https://www.google.com/finance/
https://www.stanford.edu/,https://www.berkeley.edu/,https://umich.edu/,https://www.osu.edu/,https://phet.colorado.edu/
https://www.statista.com/,https://finance.yahoo.com/,https://www.google.com/finance/,https://www.kaggle.com/,https://coinmarketcap.com/
https://www.stubhub.com/,https://seatgeek.com/,https://www.eventbrite.com/,https://www.nfl.com/,https://www.nba.com/
https://www.student.com/,https://www.apartments.com/,https://www.airbnb.com/,https://www.booking.com/,https://www.expedia.com/
https://www.target.com/,https://www.amazon.com/,https://www.costco.com/,https://www.bestbuy.com/,https://www.kohls.com/
https://www.ted.com/,https://www.coursera.org/,https://www.youtube.com/,https://phys.org/,https://www.stanford.edu/
https://www.theweathernetwork.com/,https://weather.com/,https://www.accuweather.com/,https://www.flightaware.com/,https://phys.org/
https://www.thumbtack.com/,https://craigslist.org/,https://www.google.com/maps/,https://www.bbb.org/,https://www.amazon.com/
https://www.tourradar.com/,https://www.expedia.com/,https://www.booking.com/,https://us.trip.com/,https://www.airbnb.com/
https://www.uniqlo.com/,https://us.shein.com/,https://www.adidas.com/,https://www.macys.com/,https://www.kohls.com/
https://www.united.com/,https://www.qatarairways.com/,https://www.ryanair.com/,https://www.expedia.com/,https://www.booking.com/
https://www.ups.com/,https://www.fedex.com/en-us/home.html,https://www.usps.com/,https://www.flightaware.com/,https://www.cbp.gov/
https://www.uscis.gov/,https://www.cbp.gov/,https://www.irs.gov/,https://www.justice.gov/,https://www.sec.gov/
https://www.usps.com/,https://www.ups.com/,https://www.fedex.com/en-us/home.html,https://www.irs.gov/,https://www.uscis.gov/
https://www.verizon.com/,https://www.bestbuy.com/,https://www.apple.com/,https://www.samsung.com/,https://www.amazon.com/
https://www.vivino.com/,https://macyswineshop.com/,https://www.allrecipes.com/,https://www.google.com/shopping?udm=28,https://www.amazon.com/
https://www.webmd.com/,https://www.healthline.com/,https://www.mayoclinic.org/,https://www.drugs.com/,https://www.healthgrades.com/
https://www.ycombinator.com/,https://github.com/,https://www.reddit.com/,https://www.kaggle.com/,https://www.stanford.edu/
https://www.youtube.com/,https://soundcloud.com/,https://imgur.com/,https://www.ted.com/,https://www.reddit.com/
